cname,page_views
Periodic_table,324958
Ethiopia,159210
Ketamine,153965
IPhone,121598
Cocaine,93762
Fentanyl,87073
Monsanto,83157
Poppers,81320
Methylene_blue,78971
Gold,78807
Amphetamine,77510
Diphenhydramine,70701
Lorazepam,69715
Doxycycline,69323
Ethanol,65816
Apple,64687
Amitriptyline,63131
Meloxicam,61202
Heroin,60203
Omeprazole,58779
Caffeine,57287
Ondansetron,56463
Monosodium_glutamate,55161
Metformin,53067
Scopolamine,52967
Propranolol,51356
Aspirin,49877
Sodium_bicarbonate,49174
Copper,48844
Naproxen,47779
Oxygen,47119
Cefalexin,47049
Ciprofloxacin,46518
Iron,45872
Nitrous_oxide,45860
Hydrogen_peroxide,45051
Prednisone,43368
Lithium-ion_battery,42163
Cyanide_poisoning,41786
Amoxicillin,41651
Ammonia,41508
Nicotine,40777
Glyphosate,38763
Losartan,38264
Thalidomide,37470
Testosterone,36844
Silicon,36722
Morphine,36604
Serotonin,36531
Carbon_dioxide,36413
Extended_play,36154
Nitrogen,36029
Pseudoephedrine,36004
Glucose,35579
Quinine,34911
Ishmael,34883
Sulfuric_acid,34728
Dexamethasone,34607
Nitrofurantoin,34549
VX_(nerve_agent),34074
Minoxidil,33927
Tin,33753
Honey,33507
Chloroform,33199
Bilirubin,33115
Magnesium,32980
Acetic_acid,32849
Dextromethorphan,32720
Urea,32101
Naloxone,31975
Isopropyl_alcohol,31552
Benzene,31417
Tetrahydrocannabinol,31121
Sarin,31047
Midazolam,30990
Adenosine_triphosphate,30701
Cobalt,30644
Chlorine,30594
Lilium,30372
Sodium_chloride,29970
Hydrogen_sulfide,29847
Methanol,29488
Formaldehyde,29477
Ariadne,29257
Alcohol_(drug),29013
Cannabidiol,28958
Salicylic_acid,28920
Neuron,28859
Chromium,28682
Bismuth,28059
Hexen:_Beyond_Heretic,27720
Promethazine,27035
Taurine,26699
Famotidine,26644
Iodine,26643
Codeine,26545
Nicotinamide_adenine_dinucleotide,26413
Capsaicin,26397
Sodium_carbonate,25890
Phenol,25715
Erythritol,25660
Diethyl_ether,25568
Cholesterol,25517
Celecoxib,25223
Acetone,25055
Aphid,24776
Phenobarbital,24395
Nickel,24392
Calcium_carbonate,24338
Methane,23839
Sucrose,23412
Caesium,23401
Ephedrine,23297
Methotrexate,23152
Finasteride,23145
Dimethyl_sulfoxide,23111
Strychnine,23062
Spironolactone,23051
Propylene_glycol,23037
Shades_of_red,22861
Manganese,22443
Chlorpromazine,22235
Adrenaline,22065
Biotin,21990
Molybdenum,21824
Diabetic_ketoacidosis,21467
Tempo,21324
Camphor,21272
Pentobarbital,21239
Beryllium,21142
Atropine,20564
Colchicine,20554
Haloperidol,20454
Cyclone,20172
Hydrogen_cyanide,20100
Triamcinolone_acetonide,20071
Sodium_bromide,20067
Goji,20041
Fluconazole,19933
Corticosteroid,19716
Calcium_hydroxide,19622
Folate,19550
Propane,19521
Toluene,19442
Potassium_cyanide,19436
Lactic_acid,19250
Potassium_chloride,19246
Chipotle,19028
Triamcinolone,18809
Permethrin,18319
Ethylene_glycol,18152
Metoclopramide,17858
Thiamine,17698
Nicotinamide,17505
Ester,17437
Allopurinol,17244
Boric_acid,17176
Oxalic_acid,17003
Carbamazepine,16914
Tranexamic_acid,16910
Clozapine,16891
Carisoprodol,16817
Menthol,16548
Methylprednisolone,16492
Tantalum,16197
Terbinafine,16196
Lysine,16021
Mirabilis_jalapa,15987
Hydrazine,15907
Cadmium,15610
Sulfur_dioxide,15602
Hydrochlorothiazide,15579
Digoxin,15561
Tryptophan,15346
Titanium_dioxide,15319
Neodymium,15291
Metoprolol,15284
Doxepin,15170
Paraquat,15141
Phenibut,15002
Formic_acid,14929
Estradiol,14923
Phenylalanine,14914
Riboflavin,14771
Pethidine,14755
Carvedilol,14733
Zirconium,14718
Adenosine,14697
Carbon_tetrachloride,14603
Progesterone,14460
Chloroethane,14394
Phosgene,14373
Salbutamol,14347
Gentiana,14200
Dihydrotestosterone,14170
Prochlorperazine,14163
Glycine,14084
Warfarin,14067
Creatinine,13985
Potassium_iodide,13847
Theobromine,13844
Ethylene,13754
Thallium,13402
Fructose,13271
Acetazolamide,13118
Nortriptyline,13041
Ruta_graveolens,13032
Dichloromethane,12986
Surfactant,12946
Valsartan,12904
Screwdriver_(cocktail),12819
Tetraethyllead,12735
Prednisolone,12661
Major_histocompatibility_complex,12653
Ethyl_acetate,12650
Acetaldehyde,12544
Sodium_nitrite,12524
Phenethylamine,12400
Niobium,12388
Carboxylic_acid,12303
Butyric_acid,12166
Inositol,12151
Chlordiazepoxide,12117
Chlorphenamine,12106
Hydrocortisone,12031
Pyridine,11985
Carmine,11770
Ammonium_chloride,11643
Naphthalene,11643
Strontium,11632
Copper(II)_sulfate,11607
Alkali_metal,11584
Yttrium,11569
Acetylene,11491
Amygdalin,11419
Cyproheptadine,11404
Trenbolone_acetate,11379
Erythromycin,11336
Project_Azorian,11303
Tetracycline,11282
Pest_control,11233
Bromazolam,11173
Meconium,11087
Methylamine,11024
Diltiazem,11016
Tyrosine,11008
Alcohol_(chemistry),10984
Cysteine,10933
Prazosin,10913
Butane,10390
Benzoic_acid,10297
Vanillin,10280
Betamethasone,10268
Aniline,10157
Isoleucine,10001
Glutamic_acid,9977
Diethylstilbestrol,9967
Sorbitol,9837
Hexane,9812
Purine,9754
Functional_group,9606
Hyoscyamine,9587
Ursodeoxycholic_acid,9506
Semtex,9461
Phenazopyridine,9345
Tamoxifen,9329
"Right_to_Information_Act,_2005",9290
Chloramphenicol,9256
Nandrolone,9244
Tartaric_acid,9232
Nicotinic_acid,9193
Hydrogen_fluoride,9141
Triazolam,9132
Nitrate,9079
Benzoyl_peroxide,8982
Cantharidin,8912
Clarithromycin,8895
Nakam,8855
Gadolinium,8827
Norethisterone,8817
Sodium_dodecyl_sulfate,8720
Malic_acid,8716
Rhenium,8692
Nifedipine,8689
Sodium_sulfate,8673
Ranitidine,8660
Trichloroethylene,8526
Zidovudine,8513
Potassium_bromide,8463
Cortisone,8395
Chlorpyrifos,8365
Fluorouracil,8323
Sulfur_hexafluoride,8323
Piperidine,8318
Praziquantel,8266
Tetrahydrofuran,8258
Lactulose,8206
Methionine,8180
Albendazole,8159
Nitrazepam,8146
Butylated_hydroxytoluene,8139
Ethylene_oxide,8061
Sulfamethoxazole,8047
Benzocaine,7983
Atenolol,7968
Harmony,7943
Phosphine,7897
Methyl_salicylate,7747
Nitromethane,7738
Ciclosporin,7713
Diary,7704
Acetonitrile,7604
Phenytoin,7590
Acrylamide,7589
Indole,7577
Glutamine,7562
Stearic_acid,7529
Styrene,7471
Mefenamic_acid,7436
Leucine,7359
Triethylamine,7324
Bromo-DragonFLY,7312
Benzyl_alcohol,7304
Oxazepam,7283
Pantothenic_acid,7229
Aldosterone,7196
Butanone,7122
Verapamil,7061
Hafnium,7053
Mebendazole,7021
Endocrine_disruptor,7013
Azathioprine,6964
Imipramine,6921
Powdery_mildew,6903
Saponification,6901
Imidazole,6886
Potassium_carbonate,6882
N-Methyl-2-pyrrolidone,6853
Sodium_silicate,6846
Trimethoprim,6835
Amide,6778
Phthalates,6767
Simvastatin,6762
Ethane,6760
Trifluoroacetic_acid,6750
Gulf_fritillary,6723
Herbicide,6716
Cyclophosphamide,6678
Pentaerythritol_tetranitrate,6656
Phenolphthalein,6647
Medroxyprogesterone_acetate,6545
Dye,6449
Palmitic_acid,6437
Aconitine,6411
Cisplatin,6390
Oxalate,6377
Ammonium_sulfate,6362
Loxoscelism,6343
Dysprosium,6308
Arecoline,6259
Acetic_anhydride,6242
Procaine,6232
Benzaldehyde,6210
Organophosphate,6197
Adenine,6180
Sulfasalazine,6157
"2,4-Dinitrophenol",6135
Controlled_Drugs_and_Substances_Act,6061
Dextropropoxyphene,6026
Chemistry_of_ascorbic_acid,5990
Pyrimidine,5985
Dichlorodifluoromethane,5969
Amobarbital,5964
Guanine,5955
Propionic_acid,5890
Luminol,5879
Calcium_sulfate,5877
Triforce,5865
Cypermethrin,5833
Difluoromethane,5828
Histidine,5811
Bromide,5801
Bifenthrin,5765
Testosterone_propionate,5762
Minocycline,5726
Piperine,5718
Maltose,5708
Iron(III)_chloride,5692
Chloroquine,5666
Azelaic_acid,5634
Boldenone_undecylenate,5589
Imidacloprid,5566
Crystal_violet,5560
Cefazolin,5549
Orotic_acid,5499
Dimethyl_sulfide,5497
Miconazole,5475
Carbamate,5454
Pyrethrin,5435
Thiol,5402
Octane,5394
Fipronil,5390
Labetalol,5336
Cimetidine,5320
Halothane,5316
Cyclohexane,5283
Peracetic_acid,5255
Pyrrole,5246
Semitone,5235
Cyclopentane,5234
Chlortalidone,5233
Succinic_acid,5209
Brazilian_Controlled_Drugs_and_Substances_Act,5185
Linalool,5178
Tetrachloroethylene,5118
Triclopyr,5118
Ampicillin,5113
Cyclizine,5108
Fludrocortisone,5106
Levodopa,5034
Trihexyphenidyl,5033
Zirconium_dioxide,5001
Reserpine,4974
Methyl_tert-butyl_ether,4956
Pyruvic_acid,4941
Propylene,4935
Chlorodifluoromethane,4888
Allicin,4838
Pravastatin,4827
Sulfur_trioxide,4809
Vosilasarm,4783
Protecting_group,4757
P-Toluenesulfonic_acid,4707
Malathion,4698
Sodium_azide,4688
1-Propanol,4685
Plasticizer,4647
Sodium_cyanide,4590
Lauric_acid,4578
Fluorescein,4554
Ethanolamine,4512
Sodium_fluoride,4491
Isobutane,4458
Methanethiol,4442
Bumetanide,4388
Ethinylestradiol,4375
Pentoxifylline,4332
Methyl_methacrylate,4312
Uracil,4301
Thebaine,4297
Dimethyl_ether,4271
Sulpiride,4246
Heptane,4211
2-Butoxyethanol,4186
Piperazine,4178
Acetamiprid,4157
Acrylic_acid,4144
Cytisine,4142
Soman,4111
Glipizide,4099
Acrylonitrile,4098
Bupivacaine,4088
Solan,4067
Ofloxacin,4066
International_Numbering_System_for_Food_Additives,4023
%CE%92-Alanine,4001
Dapsone,4001
Enalapril,3959
Isoamyl_acetate,3949
Phytic_acid,3947
Rotenone,3934
Thymol,3929
Phenothiazine,3916
Phenacetin,3912
Deltamethrin,3907
Diborane,3893
Siloxane,3881
Trimethylamine,3874
Prallethrin,3856
Butalbital,3819
Levomepromazine,3815
Chlorogenic_acid,3811
Sodium_phosphate,3805
Furan,3802
Serine,3802
Androstenedione,3790
Terephthalic_acid,3790
Carbaryl,3758
Piroxicam,3755
Pyrrolidine,3602
Chlorzoxazone,3589
Phenylacetic_acid,3570
Mitsunobu_reaction,3566
Pregnenolone,3556
Thymine,3546
Guanidine,3503
Benzyl_benzoate,3502
Cyclohexanone,3491
Ammonium_perchlorate,3490
4-Dimethylaminopyridine,3482
Methenamine,3482
Quinone,3473
Acrolein,3453
Quinoline,3441
Acetanilide,3427
Cytosine,3403
Prucalopride,3401
Cyanuric_acid,3393
Chloropicrin,3388
Sulfonylurea,3380
Copper_phthalocyanine,3356
Thiophene,3341
Amikacin,3335
Fungicide,3327
Fluphenazine,3306
Ammonium_bicarbonate,3298
Benzimidazole,3280
Hydroxycarbamide,3269
Primidone,3266
Papaverine,3253
"1,2-Dichloroethane",3240
Dimethyl_sulfate,3235
Asparagine,3232
Phthalocyanine_Green_G,3227
Hydroxylamine,3208
Teuta,3198
Birch_sap,3197
Seed_dispersal,3184
Isoflurane,3180
Trimebutine,3110
Oxime,3103
Octocrylene,3087
Cinnamic_acid,3074
Oxytetracycline,3046
Isobutanol,3040
Irinotecan,3038
Cyhalothrin,3029
Nitrogen_oxide,3007
Valine,2998
Morpholine,2988
Lovastatin,2987
Benzophenone,2980
Chinglish,2968
Alkyl_group,2967
Thiazole,2962
Dimethylethanolamine,2951
Noscapine,2951
Methanesulfonic_acid,2947
Flame_retardant,2938
Natamycin,2886
Chloromethane,2884
Liothyronine,2874
Anthracene,2839
Furfural,2830
Silicon_nitride,2821
Trifluoperazine,2808
Cyclodextrin,2802
Alkyl_nitrite,2785
Methyldopa,2755
Anethole,2747
Paraldehyde,2745
Enrofloxacin,2744
Maleic_acid,2741
Thiourea,2737
Propylene_oxide,2731
Phenylbutazone,2729
Methyl_acetate,2728
Sulfanilamide,2704
Sodium_sulfite,2702
Oxalyl_chloride,2688
Cumene,2680
Dimethyl_carbonate,2669
Trichloroacetic_acid,2668
Dicalcium_phosphate,2664
Quinidine,2658
Triphenylphosphine,2648
Tetraethyl_orthosilicate,2644
Butyl_acetate,2640
Dimethylamine,2637
Bis(2-ethylhexyl)_phthalate,2619
Arylcyclohexylamine,2611
Flurbiprofen,2599
Nitrobenzene,2592
Isosorbide_dinitrate,2583
N-Nitrosodimethylamine,2582
Ethylbenzene,2573
Vinyl_acetate,2568
%CE%91-Methyltryptamine,2566
Guaiacol,2561
Valeric_acid,2554
Polymyxin_B,2552
Formamide,2542
Tetrafluoroethylene,2541
Phosphorous_acid,2536
Lindane,2532
Sodium_dithionite,2523
Drugs_controlled_by_the_German_Narcotic_Drugs_Act,2521
Metolazone,2510
Urea-formaldehyde,2508
Aztreonam,2481
N-Methylformamide,2481
Shikimic_acid,2478
Acrylate,2475
Androsterone,2474
Mandelic_acid,2471
Polychlorinated_dibenzodioxins,2466
Loxapine,2463
Desipramine,2462
Iodomethane,2457
Asenapine,2456
4-Aminobenzoic_acid,2452
Cresol,2449
Isoamyl_alcohol,2438
Piperonyl_butoxide,2436
Carvone,2435
Ponceau_4R,2429
Ethchlorvynol,2427
Emoxypine,2416
Sorbic_acid,2414
Thioridazine,2410
Amiloride,2385
Etoposide,2384
Prostaglandin_E2,2380
Anisole,2374
Nitration,2360
Alizarin,2346
Claisen_condensation,2336
Sodium_iodide,2336
Vinyl_group,2333
Vanadium(V)_oxide,2330
Isopentane,2329
Coniine,2325
Acetamide,2322
Arsine,2313
Conversion_of_CBD_to_THC,2308
Methyltestosterone,2306
Diquat,2305
Pyrazole,2304
Zhuque-2,2299
Nitenpyram,2273
Perphenazine,2267
Cerium(IV)_oxide,2259
Tropicamide,2259
Sodium_dichloroisocyanurate,2257
Megestrol_acetate,2255
Caprolactam,2245
Contamination,2232
DEA_list_of_chemicals,2229
Carbofuran,2220
Methyl_isobutyl_ketone,2216
Myristic_acid,2215
Norfloxacin,2211
Pentaerythritol,2210
Drain_cleaner,2202
Nimetazepam,2197
Ribavirin,2186
Benzylamine,2184
Triamterene,2181
Cetyl_alcohol,2179
Parathion,2179
Piperonal,2177
Glibenclamide,2165
2-Mercaptoethanol,2159
Gibberellic_acid,2159
Thiocyanate,2155
Biphenyl,2153
Bromothymol_blue,2152
Chloroacetic_acid,2152
Griseofulvin,2149
Ergothioneine,2123
Ammonium_dihydrogen_phosphate,2121
Danazol,2110
Iodoform,2109
Penicillamine,2105
Sufentanil,2100
Chlorobenzene,2095
Isobutylene,2077
Digitoxin,2076
Endosulfan,2067
Potassium_sodium_tartrate,2067
Dicarboxylic_acid,2064
Diethylamine,2062
Benzyl_chloride,2030
Supersaturation,2024
2-Butanol,2008
Cat_pheromone,2004
Ethylamine,1996
Methylparaben,1993
Bethanechol,1979
Phosphonate,1978
Glyoxal,1976
Chlordane,1975
"1,4-Benzoquinone",1972
Dibutyl_phthalate,1967
Tert-Amyl_alcohol,1959
Borneol,1953
Trimipramine,1951
Bischler%E2%80%93Napieralski_reaction,1947
Glossary_of_chemical_formulae,1933
Thioglycolic_acid,1915
Indane,1914
List_of_fentanyl_analogues,1909
Propylene_glycol_methyl_ether,1897
EPA_list_of_extremely_hazardous_substances,1893
Benzyl_group,1892
Homosalate,1883
Pentadecylic_acid,1876
Bromomethane,1870
Methamidophos,1868
Propylthiouracil,1867
2-Methyltetrahydrofuran,1864
Carbon_tetrafluoride,1857
Maprotiline,1857
Benzamide,1851
Azadirachtin,1827
Euphorbia_heterophylla,1826
Propionaldehyde,1822
Tricresyl_phosphate,1821
Diazinon,1817
Estrone,1816
Tetrahydrobiopterin,1816
Ketanserin,1811
Glufosinate,1802
Methylmalonic_acid,1800
Cadmium_chloride,1797
Dichlorvos,1796
IARC_group_2B,1792
Phenanthrene,1792
Defoliant,1774
Benzotriazole,1768
Methyl_formate,1768
Levorphanol,1767
Glycol_ethers,1765
%CE%92-Sitosterol,1761
Brucine,1756
Ethanethiol,1756
Triazole,1737
Hydrolyzed_protein,1726
List_of_cocaine_analogues,1726
Sodium_perchlorate,1722
Bromadiolone,1721
Zileuton,1720
Lithium_cobalt_oxide,1715
Xylose,1710
Bendroflumethiazide,1703
Ethyl_carbamate,1703
Prasterone,1701
MCPA,1696
Clofazimine,1695
Isoquinoline,1695
Diazoxide,1691
Sodium_lactate,1688
Beryllium_oxide,1686
Citral,1677
Lead(II)_nitrate,1677
4-Aminopyridine,1669
Furfuryl_alcohol,1668
Terazosin,1665
Topoisomerase_inhibitor,1664
RTI_International,1662
4-Nitrophenol,1661
Dimethoate,1658
Strontium_titanate,1657
Raffinose,1650
Methyl_benzoate,1644
Occupational_asthma,1644
Tripotassium_phosphate,1637
Triazine,1634
Cyfluthrin,1630
Potassium_fluoride,1629
Fluorene,1623
Zinc_acetate,1622
Landing,1620
Hydroxyprogesterone_caproate,1614
Kaempferol,1606
List_of_additives_in_cigarettes,1605
Caproic_acid,1604
Critical_micelle_concentration,1597
Sulfolane,1588
Calcium_propanoate,1585
Dioxolane,1584
Dicyclopentadiene,1580
Diethylenetriamine,1576
Procyclidine,1572
Fatty_acid_methyl_ester,1571
Propyne,1571
2-Ethylhexanol,1567
Fatty_alcohol,1559
Alkylbenzene_sulfonate,1550
Diphenylamine,1538
List_of_dopaminergic_drugs,1538
Dipropylene_glycol,1537
Hexachloroethane,1537
Pyrene,1535
Deoxycholic_acid,1533
Capric_acid,1532
Promazine,1531
Azoxystrobin,1524
Etodolac,1524
Benzenesulfonic_acid,1523
Acaricide,1522
Trichlorofluoromethane,1522
Dodecane,1519
"1,3-Butanediol",1518
Twisted_nematic_field_effect,1515
Fuel_dye,1512
Amyl_nitrate,1511
Terpineol,1509
Diethyl_malonate,1508
List_of_dyes,1505
N-Methylphenethylamine,1505
Decamethylcyclopentasiloxane,1503
"3,4-Methylenedioxyphenylpropan-2-one",1502
Butyraldehyde,1498
Nickel(II)_oxide,1492
Carminic_acid,1488
Terfenadine,1479
Transfluthrin,1478
Melphalan,1461
Galaxolide,1458
Perfluoro(2-methyl-3-pentanone),1458
Isopropylamine,1454
Alcohol_oxidation,1448
Hexachlorophene,1447
Nitroguanidine,1446
Tetrahydropyran,1445
Isopropyl_acetate,1442
Mesotrione,1439
Decalin,1428
Cyclopentadiene,1425
Butyl_group,1423
Hexamethylphosphoramide,1423
Pentachlorophenol,1421
Tetracaine,1420
Methyl_acrylate,1418
4-Aminophenol,1416
Borane,1406
Bromoform,1404
Phenothrin,1398
Pyrazinamide,1393
Tetramethrin,1385
GABA_analogue,1384
Prazepam,1383
Deferoxamine,1380
Sodium_hydrosulfide,1375
Nonylphenol,1368
4-Hydroxybenzoic_acid,1365
California_Proposition_65_list_of_chemicals,1364
1-Pentanol,1361
Nitrofurazone,1356
"1,10-Phenanthroline",1353
Molecular_orbital_diagram,1353
Phenazone,1352
Pyridine-N-oxide,1352
Pelargonic_acid,1344
Sodium_formate,1344
Triphenylphosphine_oxide,1341
Phenethyl_alcohol,1338
Cyclohexylamine,1336
Tropacocaine,1327
Aldrin,1325
Dichloroacetic_acid,1319
Diosgenin,1319
Decane,1308
1-Methylimidazole,1306
Phthalimide,1304
Potassium_benzoate,1301
Amitraz,1300
Benznidazole,1292
Azobenzene,1291
Benzonitrile,1291
Salicin,1291
Isoxazole,1284
Organotin_chemistry,1282
Abietic_acid,1281
Cyclohexanol,1280
Salicylaldehyde,1275
Barium_nitrate,1274
Fluoroform,1274
1-Butene,1270
2-Pyrrolidone,1260
Isobutyric_acid,1259
Triethyl_citrate,1256
4-Nitroaniline,1252
Methylcyclohexane,1251
Niclosamide,1250
Ethyl_formate,1249
Pyridazine,1247
Synthetic_musk,1243
Norethisterone_acetate,1239
Picolinic_acid,1238
Propiophenone,1233
Aromatic_L-amino_acid_decarboxylase,1231
Nikethamide,1227
Aziridine,1219
Benzyl_cyanide,1218
Entacapone,1212
Succinate_dehydrogenase,1211
Nylon_12,1207
8-Hydroxyquinoline,1206
Hypoxanthine,1200
Cyclohexene,1194
Hydrogen_selenide,1190
List_of_methylphenidate_analogues,1179
Mitomycin_C,1179
Picloram,1176
Aminocaproic_acid,1173
1-Octanol,1172
Thiophenol,1170
List_of_insecticides,1168
Nitroethane,1168
Allethrins,1166
Diethylaminosulfur_trifluoride,1156
Dieldrin,1155
Betamethasone_valerate,1150
Aloin,1147
Benzofuran,1147
Nadolol,1147
Guanosine,1145
Trifluoromethylation,1143
1-Octen-3-ol,1138
Canavanine,1135
Aldicarb,1133
Phenylhydrazine,1128
Acetoacetic_acid,1123
Barium_acetate,1122
Norgestrel,1121
Carbazole,1120
Succinimide,1120
N-Methylmorpholine,1111
Phenylthiocarbamide,1110
Pyrogallol,1105
List_of_opioids,1099
Amyl_acetate,1093
Thymidine,1093
Chloroacetone,1089
Hydrogen_telluride,1084
Ammonium_carbamate,1083
2-Pyridone,1082
Tetramethylsilane,1082
Diacetone_alcohol,1081
Ammonium_bifluoride,1080
Acetoin,1079
Coronene,1078
1-Docosanol,1076
Tetryl,1072
Nevirapine,1068
Medazepam,1067
Pindolol,1064
BDPC,1059
Propiconazole,1058
2-Naphthol,1057
Hexachlorocyclohexane,1053
Pivalic_acid,1051
Tributyl_phosphate,1051
Ene_reaction,1047
Mesityl_oxide,1047
Tripelennamine,1046
N-Butylamine,1045
1-Naphthol,1043
Crotonaldehyde,1042
Dimethylglyoxime,1042
2-Methoxyethanol,1034
Manganese(II)_oxide,1033
AM404,1032
Diisopropyl_azodicarboxylate,1032
Cholic_acid,1030
Polybrominated_biphenyl,1030
Succinic_anhydride,1027
Pentene,1024
Indazole,1022
Sodium_gluconate,1020
Chemical_elements_in_East_Asian_languages,1019
Aescin,1010
Methoprene,1009
Hydantoin,1007
Hafnium(IV)_oxide,1003
Benzidine,1002
Ganciclovir,996
Butabarbital,995
Ethylvanillin,991
Tert-Butylamine,990
1-Hexanol,985
Methylcyclopentadienyl_manganese_tricarbonyl,985
1-Naphthaleneacetic_acid,982
Fluorometholone,981
Ortho_effect,981
Allyl_chloride,975
Diphenyl_ether,970
Quinic_acid,970
Tebuconazole,970
Ethyl_acrylate,966
Fluorenol,966
Acetone_cyanohydrin,965
Hexadecane,965
P-Cresol,964
Reverse-transcriptase_inhibitor,963
M-Cresol,960
Ecgonine,959
2-Methyl-2-butene,958
Toluidine,957
Chlorambucil,953
Muscone,952
Butyl_acrylate,949
Cobalt(II)_nitrate,944
Phenoxy_herbicide,944
Isophthalic_acid,941
Propargyl_alcohol,941
Immediately_dangerous_to_life_or_health,938
Tetraethyl_pyrophosphate,938
Dodecanol,936
Nitrilotriacetic_acid,933
Tazobactam,931
Diiodomethane,929
Methomyl,929
Trimethyl_orthoformate,923
Stearyl_alcohol,913
N-Methylaniline,912
Nonane,912
2-Butene,911
Chlortetracycline,911
Sulfacetamide,910
Nalidixic_acid,909
Bromoethane,907
Apalone,906
Paclobutrazol,903
Trifluralin,903
Cinchocaine,902
Sebacic_acid,900
Periciazine,899
Ethyl_cyanoacetate,896
Ethyl_propionate,896
Resazurin,896
Pyrithione,895
Sulfapyridine,895
Terpinene,895
Toluidine_blue,895
O-Toluidine,894
Benzyl_acetate,891
2-Chloroethanol,890
Aminophenazone,889
Cobalt(II)_sulfate,888
Cyclopentanone,887
Disopyramide,886
Flucytosine,883
Isobutyraldehyde,879
Perylene,879
Imiprothrin,878
Crop_desiccation,877
Propylamine,877
Dimethyl_phthalate,875
List_of_fungicides,869
Propyl_acetate,866
Dihydrolevoglucosenone,863
Hexachlorobenzene,859
2-Ethoxyethanol,858
2-Methylpentane,858
Chlordecone,858
Crotonic_acid,855
Dibutyltin_dilaurate,855
Higher_alkane,843
Pholcodine,843
AMPA,837
Mepivacaine,837
4-Hexylresorcinol,835
Nonanal,835
Chlormethine,832
Trichothecene,832
Ethephon,831
Ethyl_maltol,831
Aminomethyl_propanol,830
Iopamidol,823
Pendimethalin,823
Lomustine,822
Picrotoxin,821
Sulfanilic_acid,817
Captan,816
Chlormequat,816
Bromobenzene,814
Acridine,812
Cyclopentyl_methyl_ether,811
Propyl_group,809
4-Benzylpiperidine,808
Chloroacetyl_chloride,808
Endrin,807
Tert-Butyl_chloride,806
4-Anisaldehyde,793
Cycloheximide,791
1-Phenylethylamine,786
Sandoz_chemical_spill,785
Ethylmorphine,782
List_of_androgen_esters,781
Fluazifop,780
Benzenesulfonyl_chloride,777
2-Furoic_acid,776
Ajmaline,776
Chenodeoxycholic_acid,774
Fluoroacetic_acid,774
Dimethyl_methylphosphonate,772
Trifluorotoluene,771
Tetrahydrothiophene,763
Methoxyethane,761
Tiabendazole,759
Ethylene_glycol_dinitrate,758
9-Borabicyclo(3.3.1)nonane,756
Propyl_gallate,756
Versoix,756
Sulindac,748
IARC_group_3,739
Rongalite,739
Algaecide,737
Ethyl_methanesulfonate,737
Propionitrile,737
Allyl_bromide,736
List_of_banned_and_restricted_pesticides_in_India,735
Phthalaldehyde,732
2-Cyanoguanidine,730
Maltol,730
Anabasine,729
Dimethoxymethane,729
Valdecoxib,726
Adiponitrile,722
Glycerol_3-phosphate,721
Hydramethylnon,720
Corticosterone,715
Cacodylic_acid,714
Mecoprop,713
List_of_esters,709
Propoxur,707
Acoltremon,705
VEGFR-2_inhibitor,699
Sulfadimethoxine,697
Epiandrosterone,695
Secnidazole,695
Methyl_propionate,694
5-Methylcytosine,692
Nitrophenol,691
Tutu_(plant),687
Mitoxantrone,686
Cefradine,684
Dibromomethane,681
3-Pentanone,680
Etofenprox,679
Tolbutamide,677
Alloxan,675
Allylamine,672
P-Anisidine,672
Sodium_propionate,670
Usnic_acid,670
1-Hexene,668
Vanadyl_sulfate,664
Salicylamide,663
Bezafibrate,662
Santonin,662
Carbon_tetrabromide,660
2-Ethylhexyl_acrylate,657
Hexazinone,657
Arsenic_acid,655
Daemon_(classical_Greek_mythology),655
Hexamethylbenzene,655
Demeclocycline,654
Isopropyl_chloride,653
Methyl_butyrate,653
%CE%91-Methylstyrene,650
Chlorothiazide,648
Tetraethylammonium,647
Pentyl_group,644
Ethyl_benzoate,643
Tetranitromethane,643
2-Chloropyridine,641
Tert-Butylthiol,641
Two-dimensional_gel_electrophoresis,641
Sulfentrazone,640
Chlorpropamide,639
Hydrocortisone_acetate,639
Metsulfuron-methyl,639
Mirex,637
Hydroxyacetone,635
2-Ethylhexyl_salicylate,634
Novaluron,634
Fluoromethane,631
Pentanal,631
Brinzolamide,628
List_of_herbicides,625
Terpin,623
Ammonium_oxalate,622
Iodobenzene,622
Phenylethanolamine,621
1-Phenylethanol,620
2-Phenylphenol,619
Perfluorodecalin,619
Octafluoropropane,617
Vat_dye,616
4-Methyl-2-pentanol,615
Dimethyl_oxalate,614
Doramectin,612
1-Bromopropane,611
Hexafluoropropylene,609
Phenyl_acetate,609
Isoxsuprine,605
Japp%E2%80%93Klingemann_reaction,602
Phosphofructokinase_2,602
Oct-1-en-3-one,599
1-Naphthylamine,597
Dechlorane_plus,596
Benomyl,592
Daminozide,592
Hexanal,592
Terphenyl,592
Zinc_bromide,591
Aldol,590
Behenic_acid,589
Ethyl_sulfate,589
Etofenamate,586
Undecane,586
1-Bromobutane,585
Oxyphenbutazone,580
Fluorobenzene,577
Tetracene,577
2-Methyl-1-butanol,576
Fludioxonil,575
1-Butyne,573
Eicosane,573
2-Pentanone,570
Donald_J._Cram,570
Tuaminoheptane,566
Alkylphenol,565
Trovafloxacin,562
Naphthylaminopropane,561
Mercury(II)_acetate,560
Hydroxycinnamic_acid,559
Endothelin_receptor_antagonist,556
Calcium_formate,555
Cycloheptatriene,551
Diisopropyl_fluorophosphate,551
Ethyl_iodide,551
Bismuth_vanadate,550
Hexafluoroethane,549
Isovaleraldehyde,549
Potassium_formate,549
Allylic_rearrangement,548
Diphenylmethane,547
Polychlorinated_dibenzofurans,547
2-Methylimidazole,545
Isopropyl_nitrate,545
Hydroxyethyl_acrylate,544
Butyronitrile,542
Dioctyl_adipate,542
Stephen_aldehyde_synthesis,541
Metolachlor,539
Tetramethylammonium,539
Benzoxazole,538
Tenoxicam,533
Arylide_yellow,532
Thiophanate-methyl,531
2-Bromopropane,530
Hexaconazole,529
Thiotepa,529
Triphenylene,529
Homatropine,528
Methylphenobarbital,528
4-tert-Butylphenol,527
2-Methylhexane,526
Alachlor,526
Enanthic_acid,525
Lactitol,524
Methylammonium_chloride,524
Fenpropathrin,522
Tetrabutylammonium,519
Tungstic_acid,519
Benzyl_butyl_phthalate,518
Diafenthiuron,517
Tellurium_dioxide,515
3-Methylpentane,514
2-Naphthylamine,512
Canrenone,512
Androstane,511
Cobalt(II)_acetate,510
Sodium_methanethiolate,510
3-Mercaptopropionic_acid,508
2-Methylpyridine,503
Cyclohexanecarboxylic_acid,503
Dimethylbenzylamine,503
Thioketone,503
Fluvalinate,502
Sparteine,502
Insecticide_Resistance_Action_Committee,501
Oxoglutarate_dehydrogenase_complex,497
Hericenone,496
Formaldehyde_releaser,495
Heptachlor,495
Nereistoxin,494
Octyldodecanol,494
Sulfadimidine,493
Phenylpropanoic_acid,491
1-Decanol,488
Cyclooctane,488
Amodiaquine,487
Chrysene,487
Pterin,487
Tributylphosphine,487
Octafluorocyclobutane,480
Fluroxypyr,478
List_of_drugs:_Met,478
2-Aminopyridine,477
Butane-1-thiol,476
Potassium_hydrogenoxalate,476
Copper_gluconate,475
ENU,473
Ammonium_bromide,472
DCMU,471
Hexabromocyclododecane,468
Methyl_isothiocyanate,468
Tetramethylurea,468
Acenaphthylene,467
11-Deoxycorticosterone,466
Dibenzofuran,466
Discovery_and_development_of_beta-blockers,466
Methylcyclopentane,466
Phorate,466
Vinylacetylene,466
Cyclopentene,465
Cyphenothrin,465
Thioacetamide,464
"Napavine,_Washington",463
Gliotoxin,462
Trimer_(chemistry),462
Acenaphthene,460
Deprenyl,460
Trimethyl_phosphate,459
Metrifonate,458
Cetane_improver,457
Phenidone,457
Pyromellitic_dianhydride,457
Trimethylsulfoxonium_iodide,456
Diphenylmethanol,455
Oxyfluorfen,455
Myclobutanil,454
Von_Richter_reaction,454
Silver_cyanide,453
Fluoranthene,452
Pteridine,451
Vinyl_cation,451
4-Hydroxybenzaldehyde,450
4-Quinolone,450
Diacetylene,450
Dibenzothiophene,450
Lithocholic_acid,450
Plumbane,449
Triphenylmethanol,449
Ureas,449
Quinoxaline,448
Cobalt(II)_carbonate,444
4-Chloroaniline,443
BSTFA,443
Methyl_methanesulfonate,443
4-Nitrobenzoic_acid,442
Methazolamide,442
Ethyl_vinyl_ether,440
Isobutylamine,438
Perylenetetracarboxylic_dianhydride,438
Halosulfuron-methyl,436
Isonicotinic_acid,436
Flufenamic_acid,434
Naled,433
Chlorpropham,432
Phenoxyacetic_acid,432
List_of_EC_numbers_(EC_1),426
1-Tetradecanol,424
Ethisterone,424
Thiamphenicol,423
2-Vinylpyridine,422
Prodiamine,421
8-Chlorotheophylline,419
Stilbene,417
Cetyl_palmitate,416
Methyl_carbamate,416
Pyridoxamine,414
Bromoacetic_acid,413
Pyridoxal,413
1-Octene,412
1-Tetralone,411
Octadecane,411
2-Aminophenol,410
Methylpentynol,410
Methyl_phenylacetate,409
Chlorotoluene,408
Tetradecane,408
Thiophene-2-carboxylic_acid,408
Cycloheptane,407
Paraoxon,406
4-Methylpyridine,405
Sec-Butylamine,405
Disperse_Red_9,404
Ethyl_methacrylate,403
N-Nitrosodiethylamine,402
Sulcatone,399
Dicofol,397
Propentofylline,397
Sodium_trimetaphosphate,397
Benzylideneacetone,395
Cyanoacetic_acid,395
4-Methylbenzaldehyde,394
Chlorotrifluoromethane,394
Pymetrozine,393
Trimethylsilane,392
Tert-Butylbenzene,391
Bucherer_reaction,390
Fenthion,388
List_of_ISO_standards_3000%E2%80%934999,388
Dithiopyr,387
Khellin,386
Cis-3-Hexen-1-ol,385
Terbufos,385
Allylestrenol,384
Hydroxymethylpentylcyclohexenecarboxaldehyde,384
Diethyl_oxalate,380
Esfenvalerate,380
Vicine,380
Coumatetralyl,379
Indanthrone_blue,379
2-Undecanone,378
2-Nitroaniline,377
Acetyltributylcitrate,377
Fenvalerate,377
1-Methylnaphthalene,376
Benzamidine,376
Zirconium_hydride,376
Niflumic_acid,374
Ozenoxacin,374
Flavin-containing_monooxygenase_3,373
N-Methylacetamide,373
Sodium_chloroacetate,373
Chloralose,372
Ethyl_phenyl_ether,372
Dinoseb,371
N-Propylbenzene,369
Methoxychlor,368
N-Propyl_chloride,368
Ethyl_hexanoate,367
Neodymium(III)_oxide,367
3-Nitrobenzoic_acid,366
Isobutylbenzene,366
2-Nitropropane,364
Coumaphos,364
Decanal,364
Vinyl_bromide,364
2-Chlorobutane,363
Pentafluorophenol,363
Cefalotin,362
1-Methylcyclohexene,361
Ammonium_iodide,361
Molybdenum_dioxide,361
Thioanisole,361
Norvaline,360
Phenyl_isothiocyanate,359
Dibutylamine,357
Dibutyltin_oxide,357
Methacrylonitrile,357
Undecylic_acid,357
2-Hexanone,356
Glycylglycine,355
Idarubicin,355
Trichloroacetonitrile,355
Ethyl_cinnamate,353
Fenoprofen,353
Eriodictyol,351
Oxadiazole,351
Diflufenican,350
Ethionamide,349
Succinonitrile,349
Enilconazole,348
Anatabine,347
Aucubin,347
Methyl_lactate,347
2-Methylbut-3-yn-2-ol,345
Dulcin,345
Hexylamine,342
Methoxypropane,342
3-Methylpyridine,341
Ronidazole,341
Buparvaquone,340
Decene,340
Oxamyl,340
N-Nitroso-N-methylurea,339
Cyclosiloxane,337
Propanethiol,336
Strobilurin,336
1-Chlorobutane,335
Melibiose,335
4-Pyridone,334
Bromodichloromethane,334
3-Nitroaniline,332
4-Chlorophenol,331
Allobarbital,328
Chloroacetamide,328
Hexachlorocyclopentadiene,328
Prochloraz,328
Benzyl_carbamate,327
Cyromazine,327
Isethionic_acid,327
Octanal,326
Buprofezin,325
Oxprenolol,324
Dodecanedioic_acid,323
Narceine,322
Phenylacetylcarbinol,322
Suberic_acid,322
Tert-Butyl_bromide,322
Urocanic_acid,322
Celiprolol,321
Dutch_pollutant_standards,321
Phenanthridine,320
Salicyl_alcohol,320
Acetochlor,319
Ethyl_chloroacetate,318
Perfluorooctane,318
Thiosemicarbazide,318
Butyl_butyrate,316
Mucosal-associated_invariant_T_cell,316
Bentazon,315
Cyclododecane,315
Sulfonmethane,315
Adipic_acid_dihydrazide,314
HRAC_classification,314
Pimelic_acid,314
Plutonium_Finishing_Plant,313
Cyanogen_iodide,312
Malaoxon,311
1-Heptanol,310
2-Nitrobenzaldehyde,310
2-Acetylfuran,309
Chalconoid,309
Testosterone_acetate,309
Ethion,308
Fenchone,308
Dibutyl_sebacate,307
List_of_EC_numbers_(EC_2),307
Mestranol,307
Pirimiphos-methyl,307
Sparfloxacin,307
Rilzabrutinib,306
Anisomycin,305
Longifolene,305
Adrenosterone,304
4-Ethylphenol,302
Cyclobarbital,302
Fenitrothion,302
Kasugamycin,302
Metribuzin,302
Heptene,301
Bendiocarb,300
Dichlorofluoromethane,300
1-Bromo-4-fluorobenzene,298
1-Nitropropane,298
2-Aminothiazole,298
Citraconic_acid,298
Dimagnesium_phosphate,298
Mevastatin,298
Carbosulfan,297
Tridecane,297
Hydrocyanation,294
Hydroprene,294
Methylglucoside,294
Bromoxynil,292
Divinyl_ether,292
"4,4%27-Methylenebis(2-chloroaniline)",291
Hexachlorobutadiene,291
1-Bromonaphthalene,289
3-Aminophenol,289
N-Acetylglutamic_acid,289
Solvent_Yellow_7,289
Dichlorprop,288
3-Methyl-2-butanol,287
Divicine,287
Phenpromethamine,286
Fenobucarb,285
Methyl_nicotinate,285
Nicotinonitrile,285
Fenbufen,284
Imazapic,284
Imazaquin,284
N-Acetylanthranilic_acid,284
Forchlorfenuron,283
Inositol_phosphate,283
Demeton,282
Methiocarb,279
Methylpyridinium,279
Trimethadione,279
Heptanal,278
Methyl_acetoacetate,278
3-Methyl-3-pentanol,277
4-Methylcyclohexanemethanol,276
Camphoric_acid,276
Fluspirilene,276
Homoserine,276
Laurolactam,276
Tebuthiuron,276
Diazald,274
Diprophylline,274
4-Vinylpyridine,273
Pentadecane,272
%CE%91-Methyl-p-tyrosine,270
Cyclooctene,270
Isoprenol,270
1-Tridecanol,269
Antazoline,269
Chlorophacinone,269
Diphenyl_carbonate,268
Mevinphos,268
Mexacarbate,268
Propanil,268
2-Bromobutane,267
4-Nitrobenzaldehyde,267
Chromium(III)_phosphate,267
Tropic_acid,267
2-Chlorophenol,266
Copper(I)_thiocyanate,266
Phthalide,266
5-Sulfosalicylic_acid,265
List_of_organic_salts,265
Vinyl_fluoride,265
Xipamide,265
"2,4-Dinitroanisole",264
2-Nitrotoluene,264
Cyproconazole,263
List_of_isomers_of_nonane,263
Methapyrilene,263
O-Dianisidine,263
Sulfafurazole,263
1-Nonanol,262
Pefloxacin,262
Benzylacetone,261
Butyramide,261
4-Fluoroaniline,260
Bromotoluene,260
Chlorphenesin_carbamate,260
Sofpironium_bromide,260
Tetrachlorvinphos,260
2-Octanol,259
Glucose_1-phosphate,259
Phthalazine,259
Trimellitic_acid,259
Tybamate,258
3-Methylhexane,257
Calcium_borate,257
Ethylene_thiourea,257
Hexyl_acetate,257
Quizalofop,255
Ricinine,255
Glycocholic_acid,254
1-Pentyne,253
Dimethyl_tetrachloroterephthalate,253
1-Hexyne,252
4-Vinyltoluene,251
Bromperidol,251
Chlorfenvinphos,251
Dibromochloromethane,251
Probucol,251
Acibenzolar-S-methyl,250
Altretamine,250
Pyrimidone,250
Aprobarbital,249
Lomefloxacin,249
List_of_corticosteroid_esters,248
QoI,248
Crotyl_alcohol,247
Flumequine,247
Isopropyl_iodide,247
2-Ethoxyethyl_acetate,246
3-Pentanol,246
4-Chlorophenoxyacetic_acid,246
Chlormezanone,246
Cycloheptene,246
Ethynyl_radical,245
Phoxim,245
2-Propylheptanol,244
Ethyl_isovalerate,243
"1,2-Epoxybutane",242
Dehydroabietic_acid,242
Epitiostanol,242
Bromophenol,241
Disulfoton,241
Ethyl_octanoate,241
Hexestrol,241
N-Butylbenzene,241
2-Methyl-2-pentanol,240
Flumetasone,240
Benzylmorphine,239
Bromacil,239
2-Bromopyridine,238
2-Hexanol,238
2-Methylheptane,238
3-Aminopyridine,238
Flumioxazin,237
Omethoate,236
Pipemidic_acid,235
Fluridone,234
Pentachloronitrobenzene,234
Bibenzyl,233
Salicylanilide,233
5-Ethyl-2-methylpyridine,232
Diethyl_maleate,232
Perricone,232
6-O-Methylguanine,230
Cobalt_sulfide,230
Enoxacin,230
Methylcholanthrene,230
P-Phenetidine,229
3-Hexyne,228
Pyrimethanil,227
4-Fluorobenzoic_acid,226
N-Phenylhydroxylamine,226
Sulfamethizole,226
2-Ethylanthraquinone,225
2-Methylnaphthalene,225
Dinoterb,225
Dihydroquinine,224
Linuron,223
Powellite,223
2-Chlorobenzaldehyde,222
Pentylamine,222
Phenylmercury_acetate,222
Avena_sterilis,220
Cefamandole,220
Methyl_pentanoate,220
Niobium_oxide,219
Dodecanal,218
Resmethrin,218
4-Ethyltoluene,217
Methallyl_chloride,217
Para_red,216
Phenylpyrazole_insecticides,216
Sucrose_octaacetate,216
1-Ethynylcyclohexanol,215
2-Nitrochlorobenzene,215
Acetoacetamide,214
Dibenzo-18-crown-6,214
Biopterin,213
Cyclohexylbenzene,213
Hexyl_nitrite,213
Perchance,213
Perfluorobutanesulfonyl_fluoride,213
1-Bromohexane,212
8-Phenyltheophylline,212
Azamethiphos,212
ATC_code_N,211
Penbutolol,211
Nitroacetanilide,210
Sulfotep,210
Chlorofluoromethane,209
Temafloxacin,209
Cycloleucine,208
Monosodium_methyl_arsonate,208
Dipropylamine,207
4-Vinylcyclohexene,206
4-Chlorobenzaldehyde,205
Araroba_powder,205
Thiamylal,205
Cyclopentadecanolide,204
Diethylbenzenes,204
Androstanedione,203
2-Fluoroethanol,202
Allyl_acetate,201
3-Hydroxybenzaldehyde,200
Vinclozolin,200
Aurin,199
Cinchonidine,199
Dipentaerythritol,198
Azinphos-methyl,197
Butyl_propionate,197
Padimate_O,197
5-Bromouracil,196
Bupirimate,196
Vinbarbital,195
Omega_hydroxy_acid,194
Starlicide,194
Sulisobenzone,194
2-Ethyl-1-butanol,193
2-Methylfuran,193
Clomazone,193
Propyl_benzoate,193
Benzyl_isothiocyanate,192
Folpet,192
Cortisone_acetate,191
1-Nitronaphthalene,190
Chlorsulfuron,190
Flufenacet,190
Propargite,190
Thioacetazone,190
Alvocidib,189
HOPO_14-1,189
Hydrastine,189
Etoxazole,188
Pindone,188
Undecanol,188
2-Iodobenzoic_acid,187
3-Nitrobenzaldehyde,187
Tebufenozide,187
Methylprednisolone_succinate,186
Misuse_of_Drugs_Act_1977,186
Validamycin,186
Aclonifen,185
List_of_minerals_recognized_by_the_International_Mineralogical_Association_(M),185
MCPB,185
N-Nitrosomorpholine,185
Nitrofen,185
Cinnamyl_acetate,184
Polychlorinated_naphthalene,184
Prosulfocarb,184
Triflupromazine,184
Alkylpyrazine,183
Fenoxycarb,183
Fleroxacin,183
Lanthanum(III)_nitrate,183
Tolazamide,182
Chlorquinaldol,180
Indium(III)_sulfate,180
Bromocyclohexane,179
3-Hexanol,178
Butyl_iodide,178
List_of_minerals_recognized_by_the_International_Mineralogical_Association_(P%E2%80%93Q),178
2-Ethylhexanal,177
Acetohexamide,175
Demeton-S-methyl,175
Dihydroquinidine,175
Ethyl_acetoxy_butanoate,175
4-Amino-1-butanol,174
Hydrazobenzene,174
Pentachlorobenzene,174
Quinalphos,174
Arachidyl_alcohol,172
Equilin,172
Fluoroacetamide,172
Fluoroethane,172
Osthol,172
Propagermanium,172
Semustine,172
1-Chloronaphthalene,171
2-Phenethyl_propionate,171
Diisopropyl_methylphosphonate,171
Hematein,171
Triazofos,171
2-Chloro-6-fluorobenzaldehyde,170
ATC_code_A02,170
"1,4-Dichloro-2-nitrobenzene",169
Chloroacetonitrile,169
2-Aminoacetophenone,167
2-Heptanol,166
Pentenoic_acid,166
Chlorethoxyfos,165
N-Propyl_iodide,165
Acetoacetanilide,163
Allyl_hexanoate,163
Dibenzylamine,163
Dimethenamid,162
RCS-8,162
Ram_Charan_Mehrotra,162
"1,2-Dichloro-4-nitrobenzene",161
Chloropropanol,161
Dimethyl_selenide,161
List_of_UN_numbers_2201_to_2300,161
Lutetium(III)_oxide,160
Silafluofen,160
Fenpropimorph,159
Tralomethrin,159
Cyclohexyl_chloride,158
Disperse_blue_dye,158
Pervanadyl,158
Difloxacin,157
Fenamiphos,157
Furaltadone,157
Octyl_gallate,157
3-Methylheptane,156
Benzoylurea_insecticide,156
Calcium_hydroxyphosphate,156
Living_cationic_polymerization,156
Methyl_hexanoate,156
Planococcus_ficus,156
Picene,154
3-Nitrotoluene,153
Ladostigil,153
Disperse_Orange_1,152
EPN_(insecticide),152
List_of_drugs:_Fl,152
List_of_minerals_recognized_by_the_International_Mineralogical_Association_(C),152
2-Methyl-3-pentanol,151
AB-MDMSBA,151
Isoxaflutole,151
Dimefox,150
Tridecylic_acid,150
Butachlor,149
Hexabromobenzene,149
2-Acetylbutyrolactone,148
3-Octanone,148
Isohexanol,148
Propyleneimine,148
Dienestrol,147
Eplivanserin,147
Trixylyl_phosphate,147
Pigment_Yellow_74,146
C6H10,144
Danofloxacin,144
2-Thiouracil,143
3-Chlorophenol,143
List_of_minerals_recognized_by_the_International_Mineralogical_Association_(S),143
1-Chloropentane,142
2-Ethylhexyl_diphenyl_phosphate,142
Cynmethylin,142
Empenthrin,142
Glycochenodeoxycholic_acid,142
Metamitron,142
Eucaine,141
Triadimefon,141
Fluorophosphoric_acid,140
Nandrolone_laurate,140
Diphenic_acid,139
Medrogestone,139
Allothreonine,138
Hydroxyphenamate,138
Uniconazole,137
2-Methyl-1-pentanol,136
Herbicide_safener,136
Procymidone,136
2-Methylundecanal,135
Strontium_acetate,135
Tebufenpyrad,135
Bromochlorobenzene,134
Fluocortolone,134
Lactonitrile,134
List_of_UN_numbers_2101_to_2200,134
Paroxypropione,134
Pirimicarb,134
C5H10O2,133
"1,8-Diaminonaphthalene",132
Dye-ligand_affinity_chromatography,132
11%CE%B1-Hydroxyprogesterone,131
Alphenal,131
Beclamide,131
Metacycline,131
Niridazole,131
4-Chloro-o-toluidine,130
4-Methyl-1-pentene,130
Metrizamide,130
Nonadecylic_acid,130
"1,8-Naphthalic_anhydride",129
Pyrethrin_I,129
Bensulide,128
Ethylcyclohexane,128
Norcamphor,128
Phosalone,128
Phosphamidon,128
Sulfaquinoxaline,128
Triamcinolone_hexacetonide,128
Captafol,127
Pentyl_pentanoate,127
"2,2-Dichloropropionic_acid",126
2-Acetylthiophene,126
5-Nitro-2-propoxyaniline,126
Aminocarb,126
Bialaphos,126
Carbutamide,126
"(R,R)-butanediol_dehydrogenase",125
2-Hydroxy-4-methoxybenzaldehyde,125
Alclofenac,125
Prodan,125
Isoxaben,124
Moracizine,124
"1,2-Dibromobenzene",123
Diphenylacetic_acid,123
Iopanoic_acid,123
List_of_minerals_recognized_by_the_International_Mineralogical_Association_(U%E2%80%93V),123
Methidathion,123
Undecanal,123
1-Fluoronaphthalene,122
Norbormide,122
Butyl_nitrate,121
Isobutyl_formate,121
List_of_compounds_with_carbon_number_5,121
Dicrotophos,120
Ethylmalonic_encephalopathy,120
Indoprofen,120
Tetrabutyltin,120
5-Nitrovanillin,119
Chlortoluron,119
Ethyl_heptanoate,119
3-Hexanone,118
Dexamethasone_acetate,118
PPP1R15A,118
"1,3-Dibromobenzene",117
Penicillic_acid,117
Gamfexine,116
Dichlofenthion,115
Formetanate,115
Toluenediamine,115
3-Nitrobenzyl_alcohol,114
Methylcyclohexanone,114
1-Chlorohexane,113
2-Methoxy-4-nitroaniline,113
Para-Cresidine,113
Acifluorfen,112
Anthranilate-based_insect_repellents,112
Brequinar,112
Cyanazine,112
Etamivan,112
Metanilic_acid,112
Pentamethylbenzene,112
"1,4-Dinitrobenzene",111
Methyl_gallate,111
Pentachloroethane,111
Pyrrolnitrin,111
Olufemi_Peters,110
%CE%93-Nonalactone,109
Philip_Kraft,109
RTI-177,109
Sulfaphenazole,109
Carbophenothion,108
Deoxycorticosterone,108
Tosyl_phenylalanyl_chloromethyl_ketone,108
1-Pentadecanol,107
Acrinathrin,107
Chlordimeform,107
Mipafox,107
Diphenylacetonitrile,106
Equilenin,106
Ioxynil,106
Rolitetracycline,106
Tubercidin,106
Oxydemeton-methyl,105
1-Bromopentane,104
Glafenine,104
Isoamyl_formate,104
Fenarimol,103
M-Terphenyl,103
Tert-Amyl_ethyl_ether,103
Benfluralin,102
Bifenox,102
List_of_compounds_with_carbon_number_12,102
Para-tert-Butylbenzoic_acid,102
3-Ethyl-3-pentanol,101
Fenclofenac,101
Lumazine_synthase,101
Famoxadone,100
Methanedisulfonic_acid,100
3-Methyl-2-pentanol,99
Formanilide,99
Mebutamate,99
Nonyne,99
Tribenuron,99
"5,6-Dihydroxytryptamine",98
Heptachlorodibenzo-p-dioxin,98
Delmadinone_acetate,97
N-Butyl_lactate,97
4-Aminoacetanilide,96
Ethofumesate,96
Etridiazole,96
Flucythrinate,96
M-Cymene,96
N-Phenylnaphthalen-1-amine,96
Pentyl_propanoate,96
Polychlorinated_diphenyl_ethers,96
Azinphos-ethyl,95
Caesium_oxalate,95
Ethyl_biscoumacetate,94
Crisdesalazine,93
Diisopropylnaphthalenes,93
List_of_drugs:_Am,93
Propachlor,93
Sulfametoxydiazine,93
Violanthrone,93
Iridomyrmecin,92
DNaM,91
Bromerguride,90
Chloroxuron,90
Desoxycorticosterone_acetate,90
Verbenalin,90
Analytical_thermal_desorption,89
Cyclododecanone,89
Kebuzone,89
Tobias_acid,89
Glutaronitrile,88
Tebupirimfos,88
2-Methylpentanal,87
2-Nonanol,87
3-Heptanol,86
Testosterone_valerate,86
2-Chloronaphthalene,85
Azidamfenicol,85
Cafaminol,85
Chlorendic_acid,85
Cyclohexanethiol,85
Flutrimazole,85
Hydroxyanthraquinone,85
Methyclothiazide,85
2-Aminobiphenyl,84
Leptophos,84
List_of_compounds_with_carbon_number_9,84
Sarafloxacin,84
3-Heptanone,83
Fentiazac,83
Flusilazole,83
Isobutyric_anhydride,83
Phenyl_alkanoic_acids,83
Khimprom_Novocheboksarsk,82
Quinmerac,82
Tert-Butyl_methacrylate,82
"2,2%27,3,3%27,4,4%27-Hexachlorobiphenyl",81
2-Methylanthraquinone,81
Proxyphylline,81
2-Bromo-1-chloropropane,80
Dihydroergocristine,80
Isoxathion,80
Pencycuron,80
Triflumuron,80
Chloroaniline,79
Pigment_Orange_34,79
Populin,79
4-Iodophenol,78
Diamidophosphate,78
List_of_compounds_with_carbon_number_8,78
Potassium_trifluoroacetate,78
3-Methylthiophene,77
4-Chlorobenzonitrile,77
Metolcarb,77
Proscillaridin,76
Tri-allate,76
4-tert-Butylbenzaldehyde,75
Chlorphenacemide,75
Meglutol,75
Sulfaperin,75
Trimazosin,75
Hexaethyl_tetraphosphate,74
Hyocholic_acid,74
Polynoxylin,74
Vasicinone,74
5-Nonanone,73
Diphenylsilanediol,73
Disperse_Red_11,73
"CAR-302,282",72
Cloransulam-methyl,72
Formothion,72
Hydroflumethiazide,72
Lomevactone,71
Methyl_anisate,71
Methylhydrazines,71
Oxanamide,71
Propyliodone,71
Butralin,70
Diacylhydrazine_insecticide,70
Triallylamine,70
3-Amino-5-nitrosalicylic_acid,69
3-Amino-9-ethylcarbazole,69
Cadusafos,69
List_of_drugs:_Suc%E2%80%93Sul,69
Methazole,69
Benthiocarb,68
Glyphosine,68
Lenacil,68
Sulfametomidine,68
Testosterone_phenylacetate,68
List_of_compounds_with_carbon_number_11,67
MOSCED,67
Namodenoson,67
"1,2-Dinitrobenzene",66
Butocarboxim,66
Cyanophos,66
Dienochlor,66
Heptanol,66
List_of_drugs:_Ni,66
Peruvoside,66
Silver_lactate,66
Zirconium_propionate,66
Canrenoic_acid,65
Ethiofencarb,65
Halobenzene,65
Oxycarboxin,65
Ranimustine,65
3-Fluorobenzoic_acid,64
4-Methyl-3-thiosemicarbazide,64
Dazadrol,64
Edifenphos,64
Ibuproxam,64
List_of_drugs:_Ti,64
Pigment_Red_149,64
Thiopropazate,64
Bromoxynil_octanoate,63
Cyhexatin,63
Mepronil,63
Pyrazophos,63
Reposal,63
Tetradifon,63
1-Tetracosanol,62
Bromopropylate,62
List_of_compounds_with_carbon_number_17,62
2-Ethoxybenzoic_acid,61
2-Nitronaphthalene,61
Binapacryl,61
Butanilicaine,61
Nirvanol,61
Vat_Green_1,61
Dysprosium(III)_acetate,60
Risocaine,60
Amietia,59
Anthrol,59
Atrytone,59
Cefroxadine,59
Fluometuron,59
1-Heptadecanol,58
Ammonium_hexachlororhodate(III),58
Androstanolone_valerate,58
Diisobutylamine,58
Nitralin,58
Periplocin,58
Disperse_Yellow_42,56
Fuberidazole,56
Iodobenzoic_acid,56
List_of_drugs:_Ci,56
Picein,56
Proxicromil,56
Quinethazone,56
Thiofanox,56
"2,3,4-Pentanetrione",55
Chlormerodrin,55
Dichlofluanid,55
Digallic_acid,55
Ethalfluralin,55
Ethylphenol,55
Fensulfothion,55
4-Chlorophthalic_anhydride,54
Fluchloralin,54
Spirobarbital,54
5-Methylchrysene,53
List_of_compounds_with_carbon_numbers_25%E2%80%9329,53
Morindone,53
Trichloronate,53
2-Decanone,52
3-Chloropropionitrile,52
Dimetilan,52
Fluenetil,52
Vutiglabridin,52
Chlorobenzilate,51
Flamprop,51
Itramin_tosilate,51
SANT-2,51
Stannole,49
Imazosulfuron,48
List_of_compounds_with_carbon_number_14,48
Prothoate,48
Anilofos,47
Benzoylprop,47
2-Methylglutaronitrile,46
5-Chloro-%CE%B1ET,46
Nitroanisole,46
Profluralin,45
Propetamphos,45
Triphenylchloroethylene,45
Triamcinolone_diacetate,44
Tirpate,43
Tomalin,42
Nebularia,41
Dialifor,40
Galeola_faberi,40
Potassium_adipate,40
Primisulfuron,40
Acetozone,39
Cymiazole,39
Isopropylmethylpyrazolyl_dimethylcarbamate,39
Rona_Robinson,39
Styrene_monooxygenase,39
Thionazin,39
Chlormephos,38
Chlorosalicylic_acid,38
Clorexolone,38
Helicin,38
Iodamide,38
Anthrapurpurin,37
Crufomate,37
2-Amino-4-hydroxy-6-pyrophosphoryl-methylpteridine,36
Endothion,36
Isopropalin,36
Pecazine,36
Picropodophyllin,36
Difenoxuron,35
Clocortolone_pivalate,34
Crystallization_adjutant,34
Dinitramine,34
Fosthietan,34
C10H20O2,32
Coumachlor,32
Lasinavir,32
Sebastian_Tanatar,32
Anilazine,30
Butamifos,30
List_of_compounds_with_carbon_number_24,30
Pigment_Red_178,30
Zanthoxylum_dipetalum,30
5-Deoxyinositol,29
Oxycinchophen,29
Testosterone_benzoate,29
Butylbenzene,28
Testosterone_butyrate,28
5-Methylsalicylic_acid,27
Amifloxacin,27
Dexclamol,27
Dipropalin,27
Ipronidazole,25
List_of_MeSH_codes_(D03),25
Nandrolone_nonanoate,25
Fluorodifen,24
Chromium_acetate,23
Esprocarb,23
Fenuron,23
Nandrolone_formate,23
Octamethylenediamine,23
Retrochalcone,23
4-Aminoacridine,21
Oleoyl-estrone,21
Testosterone_formate,21
"7,8-didemethyl-8-hydroxy-5-deazariboflavin_synthase",20
Dodin,20
Phenicarbazide,20
Dihydrotestosterone_formate,19
Testosterone_phenylbutyrate,19
1-(Furan-2-yl)undecan-1-ol,18
Enocitabine,18
Buturon,17
Indoleacetaldoxime_dehydratase,17
List_of_MeSH_codes_(D13),17
Naphthoic_acid,17
3-hydroxybenzyl-alcohol_dehydrogenase,16
5-Exo-hydroxycamphor_dehydrogenase,15
Aminobenzamide,15
Chlorphoxim,15
Fenaminosulf,15
List_of_drugs:_P%E2%80%93Pa,15
11-Hydroxyprogesterone,14
C12H10O,14
C8H18S,14
Emma_Dietz_Stecher,14
Kitazume,14
Penicillium_oblatum,12
Streptomyces_decoyicus,12
C8H5NO6,10
C7H13NO2,9
List_of_drugs:_Iq%E2%80%93Iz,9
List_of_drugs:_S%E2%80%93Sd,8
Methylbutyrate,8
algestone_acetophenide,0
formaldehyde_resin,0
testosterone_decanoate,0
